Juanita,Cruz,zabatokauddei2321@yopmail.com,AA07AMM
Martha,Andrews,yulobrebrame6902@yopmail.com,AAC792H
Connie,Stokes,haboleupripre4357@yopmail.com,AAY452D
Heather,Smith,jibritrosoubrau6464@yopmail.com,AB01MFL
Betty,Smith,teugregreprexeu6315@yopmail.com,AB14GMD
Karen,Sullivan,cayemequeuha7174@yopmail.com,AB15UVT
Greg,Lucas,cavaupruloja3565@yopmail.com,AB19NWG
Barbara,Campbell,breiquonneigroiddei9739@yopmail.com,ABV496J
James,Garcia,xihuxeseutroi9809@yopmail.com,ABW940K
Joseph,Thomas,maunitededda1648@yopmail.com,ABX857D
Barbara,Hill,kopeiteullakeu-6934@yopmail.com,AC15VJX